DT_PUBLICACAO;TEXTO;N_CURTIDAS;LINK_PUBLICACAO;DATA_DOWNLOAD;URL_ESP
2023-09-02;durante um dos salões do automóvel mais importantes do mundo, a #Renault vai revelar anova versão de um carro clássico. vem aí o novo #Scenic #ETech 100% elétrico. é dia 5 de setembro, no Munich Motor Show, e você pode acompanhar tudo nas nossas redes.;•;https://www.instagram.com/p/Cwst6NmpzTx/;2024-06-02;https://www.instagram.com/renaultbrasil?utm_source=ig_web_button_share_sheet&igsh=ZDNlZDc0MzIxNw==
2023-09-04;reinventar o tênis pelo mundo é a missão do Give Me 5. no Brasil, demos o saque inicial com o projeto Ace Para o Futuro. além disso estamos reformando e inaugurando quadras públicas, para que mais pessoas tenham acesso ao esporte. saiba mais acessando nosso link na bio.;•;https://www.instagram.com/p/Cwxi-CXsIib/;2024-06-02;https://www.instagram.com/renaultbrasil?utm_source=ig_web_button_share_sheet&igsh=ZDNlZDc0MzIxNw==
2023-09-04;a #Renault está reinventando a mobilidade pelo mundo. e um dos carros que representam isso é o novo #Scenic #ETech 100% elétrico. inovador, tecnológico e pronto para o futuro.;•;https://www.instagram.com/p/CwyYwYBvymp/;2024-06-02;https://www.instagram.com/renaultbrasil?utm_source=ig_web_button_share_sheet&igsh=ZDNlZDc0MzIxNw==
2023-09-05;o novo #Scenic #ETech 100% elétrico é um grande símbolo de toda a inovação que a #Renault vem trazendo para a mobilidade. lançado hoje no salão de Munich ele conta com o design moderno, imponente e sofisticado.;•;https://www.instagram.com/p/Cw09MTTxG88/?img_index=1;2024-06-02;https://www.instagram.com/renaultbrasil?utm_source=ig_web_button_share_sheet&igsh=ZDNlZDc0MzIxNw==
2023-09-06;desenvolver novas tecnologias que melhoram a vida de motoristas e passageiros é um compromisso da #Renault. e o novo #Scenic #ETech 100% elétrico, por exemplo, oferece o que tem de melhor quando o assunto é inovação.;•;https://www.instagram.com/p/Cw3Vrr2tpUb/?img_index=1;2024-06-02;https://www.instagram.com/renaultbrasil?utm_source=ig_web_button_share_sheet&igsh=ZDNlZDc0MzIxNw==
2023-09-06;o Munich Motor Show já está pronto para receber esse lançamento global que vai revolucionar o mundo. prepare-se para o #Renault #Scenic #ETech 100% #elétrico, essa novidade que está sendo lançada em um dos maiores eventos automobilísticos da Europa.;•;https://www.instagram.com/p/Cw3DoxDOYog/;2024-06-02;https://www.instagram.com/renaultbrasil?utm_source=ig_web_button_share_sheet&igsh=ZDNlZDc0MzIxNw==
2023-09-08;as vistas mais incríveis desse teto solar agora dentro de um dos maiores eventos automobilísticos da Europa. o simulador do Solarbay, que está no Munich Motor Show, deixa o público escolher e testar uma das combinações disponíveis para o #Renault #Scenic #ETech 100% #elétrico com apenas um toque.;•;https://www.instagram.com/p/Cw8KvEpoMb8/;2024-06-02;https://www.instagram.com/renaultbrasil?utm_source=ig_web_button_share_sheet&igsh=ZDNlZDc0MzIxNw==
2023-09-08;só em um dos maiores eventos automobilísticos da Europa para caber um lançamento tão grande. pois é, a noção de espaço foi levada a outro nível no Munich Motor Show com o lançamento do #Renault #GrandKangooo #ETech 100% #elétrico. e o público presente vai poder conhecer essa novidade bem de perto.;•;https://www.instagram.com/p/Cw72AOAP8s4/;2024-06-02;https://www.instagram.com/renaultbrasil?utm_source=ig_web_button_share_sheet&igsh=ZDNlZDc0MzIxNw==
2023-09-11;o Munich Motor Show, um dos maiores eventos automobilísticos da Europa, chegou ao fim. e foi cheio de momentos marcantes para a #Renault e para o futuro dos carros.;•;https://www.instagram.com/p/CxEXhffPHYX/;2024-06-02;https://www.instagram.com/renaultbrasil?utm_source=ig_web_button_share_sheet&igsh=ZDNlZDc0MzIxNw==
2023-09-13;o novo Renault Megane E-Tech 100% elétrico é uma novidade que está vindo aí. e ele já chegou reinventando a mobilidade e reimaginando o tênis no Brasil. afinal de contas, é o carro oficial do torneio de Roland-Garros. saiba mais no link da bio.;•;https://www.instagram.com/p/CxIuGyQPpyV/;2024-06-02;https://www.instagram.com/renaultbrasil?utm_source=ig_web_button_share_sheet&igsh=ZDNlZDc0MzIxNw==
2023-09-13;um carro que saiu do papel para revolucionar as ruas. veja mais detalhes do novo #Renault #Scenic #ETech 100% elétrico, apresentado no Salão do Automóvel de Munique #IAA23.;•;https://www.instagram.com/p/CxJXSTyJeui/;2024-06-02;https://www.instagram.com/renaultbrasil?utm_source=ig_web_button_share_sheet&igsh=ZDNlZDc0MzIxNw==
2023-09-15;tecnologia e performance: você encontra nos carros de corrida e também no seu Renault. #ETeach #SingaporeGP #A523 #F1 2023 season @AlpineF1Team #iARTEdaPERFORMANCE;•;https://www.instagram.com/p/CxOjuQOR5ab/?img_index=1;2024-06-02;https://www.instagram.com/renaultbrasil?utm_source=ig_web_button_share_sheet&igsh=ZDNlZDc0MzIxNw==
2023-09-20;viva a revolução elétrica. participe do Renault #ETech 100% electric days. de 21 a 27/9, no @ibirapueraoficial em São Paulo. #RenaultETechDays;•;https://www.instagram.com/p/CxbeBCZPM2g/;2024-06-02;https://www.instagram.com/renaultbrasil?utm_source=ig_web_button_share_sheet&igsh=ZDNlZDc0MzIxNw==
2023-09-21;chegou o novo Renault #Megane #ETech 100% #elétrico com 220 cv e 160 kW, o carro da nova era da Renault no Brasil. ele vai reinventar tudo o que você sabe sobre tecnologia, inovação e sofisticação na sua experiência de dirigir. #PureSensation #ElectricPower;•;https://www.instagram.com/p/CxdNbQ1PAQP/;2024-06-02;https://www.instagram.com/renaultbrasil?utm_source=ig_web_button_share_sheet&igsh=ZDNlZDc0MzIxNw==
2023-09-22;toda a equipe Renault deseja o melhor aos marroquinos neste momento difícil. estamos comprometidos a oferecer assistência com doação de alimentos e bens essenciais, entrega de veículos e fornecimento de instalações para abrigar as vítimas do terremoto. solidariedade com Marrocos ❤;•;https://www.instagram.com/p/Cxf6h3Qtk1a/;2024-06-02;https://www.instagram.com/renaultbrasil?utm_source=ig_web_button_share_sheet&igsh=ZDNlZDc0MzIxNw==
2023-09-22;começou o Renault #ETech 100% electric days. participe e viva a revolução elétrica. saiba mais no link da bio. #RenaultETechDays;•;https://www.instagram.com/p/CxfkskptZtw/;2024-06-02;https://www.instagram.com/renaultbrasil?utm_source=ig_web_button_share_sheet&igsh=ZDNlZDc0MzIxNw==
2023-09-25;descubra alguns detalhes do novo Renault Megane #ETech 100% elétrico, direto do #RenaultETechDays.;•;https://www.instagram.com/p/CxoBPc2IjFu/;2024-06-02;https://www.instagram.com/renaultbrasil?utm_source=ig_web_button_share_sheet&igsh=ZDNlZDc0MzIxNw==
2023-09-26;"conheça o novo Renault #Megane #Etech 100% #elétrico. com design inovador, autonomia de até 495km e o melhor da inovação high tech, agora no Brasil.
#PureSensation #DynamicDrive";•;https://www.instagram.com/p/Cxq5WioRr3y/?img_index=1;2024-06-02;https://www.instagram.com/renaultbrasil?utm_source=ig_web_button_share_sheet&igsh=ZDNlZDc0MzIxNw==
2023-09-28;novo Renault #Megane #ETech 100% #elétrico, com motor de 160 kW (220 cv) e aceleração instantânea. uma experiência 100% elétrica, agora no Brasil. #PureSensation #DynamicDrive;•;https://www.instagram.com/p/CxvV_oStyfO/?img_index=1;2024-06-02;https://www.instagram.com/renaultbrasil?utm_source=ig_web_button_share_sheet&igsh=ZDNlZDc0MzIxNw==
2023-09-28;o cuidado com detalhes sempre foi prioridade para a #Renault. prova disso é o #Nervasport 1934, que combinava potência e aerodinâmica para atingir alta velocidade.;•;https://www.instagram.com/p/CxvsYlANK3p/;2024-06-02;https://www.instagram.com/renaultbrasil?utm_source=ig_web_button_share_sheet&igsh=ZDNlZDc0MzIxNw==
2023-09-29;o Renault #ETech 100% electric days chegou ao fim. confira como foi toda essa revolução elétrica. #RenaultETechDays;•;https://www.instagram.com/p/CxxmRG8vlHd/;2024-06-02;https://www.instagram.com/renaultbrasil?utm_source=ig_web_button_share_sheet&igsh=ZDNlZDc0MzIxNw==
2023-10-01;o dia 1 de outubro de 2023 é um marco especial na história da Renault mundial, a comemoração do 125º aniversário da marca. 125 anos de muito sucesso e experiências emocionantes e sustentáveis. e isso é apenas o começo. #Renault125;•;https://www.instagram.com/p/Cx22xOSImbZ/;2024-06-02;https://www.instagram.com/renaultbrasil?utm_source=ig_web_button_share_sheet&igsh=ZDNlZDc0MzIxNw==
2023-10-02;"25 de outubro de 2023.
revelação exclusiva. o novo Renault Kardian está chegando e trazendo a nova Renault para o Brasil e América Latina, depois outros países pelo mundo. aguarde.";•;https://www.instagram.com/p/Cx5Wi_UuKcF/;2024-06-02;https://www.instagram.com/renaultbrasil?utm_source=ig_web_button_share_sheet&igsh=ZDNlZDc0MzIxNw==
2023-10-03;"o novo Renault #Megane #ETech 100% #elétrico tem o melhor da tecnologia, como carga rápida de 15% a 80% em 36 minutos.
#PureElectric #CargaRápida";•;https://www.instagram.com/p/Cx8N88rKujJ/;2024-06-02;https://www.instagram.com/renaultbrasil?utm_source=ig_web_button_share_sheet&igsh=ZDNlZDc0MzIxNw==
2023-10-05;o novo Renault Kangoo E-Tech 100% elétrico é o lançamento que garante mais mobilidade para sua empresa. conheça agora.;•;https://www.instagram.com/p/CyBsOxPttBW/?img_index=1;2024-06-02;https://www.instagram.com/renaultbrasil?utm_source=ig_web_button_share_sheet&igsh=ZDNlZDc0MzIxNw==
2023-10-05;se cada som do #Renault #TankRiffard já prende a atenção, imagine olhar pra esse design criado em 1956 e que continua inesquecível. uma coisa é fato: depois de tanto tempo, o cuidado da Renault continua o mesmo.;•;https://www.instagram.com/p/CyCAyv7PsDn/;2024-06-02;https://www.instagram.com/renaultbrasil?utm_source=ig_web_button_share_sheet&igsh=ZDNlZDc0MzIxNw==
2023-10-06;"o novo Renault #Megane #ETech 100% #elétrico tem conforto elevado para suas viagens, com amplo espaço interno e porta-malas de 440 L.
#PureComfort #LargeTrunk";•;https://www.instagram.com/p/CyEQ-Y2RvQG/;2024-06-02;https://www.instagram.com/renaultbrasil?utm_source=ig_web_button_share_sheet&igsh=ZDNlZDc0MzIxNw==
2023-10-08;"o novo #Megane #ETech 100% #elétrico possui uma sequência de boas-vindas toda vez que você se aproxima do carro, com luzes que projetam o logo no retrovisor.
#PureDesign #PuddleLamp";•;https://www.instagram.com/p/CyJvHxPiZ9E/;2024-06-02;https://www.instagram.com/renaultbrasil?utm_source=ig_web_button_share_sheet&igsh=ZDNlZDc0MzIxNw==
2023-10-09;acreditamos que o esporte pode transformar vidas. como uma iniciativa do nosso projeto global Give Me 5, a Renault e o #InstitutoRenault promoveram a reforma e a pintura da quadra poliesportiva do CEU Campo Limpo. a ação irá beneficiar as crianças do projeto Instituto Patrícia Medrado, que ministra aulas de tênis no local.;•;https://www.instagram.com/p/CyLqy7uu-8E/?img_index=1;2024-06-02;https://www.instagram.com/renaultbrasil?utm_source=ig_web_button_share_sheet&igsh=ZDNlZDc0MzIxNw==
2023-10-09;os veículos Renault E-Tech 100% elétricos podem ser carregados em tomadas domésticas comuns e já vêm com adaptador padrão Brasil. é só plugar e se preparar para a sua próxima viagem.;•;https://www.instagram.com/p/CyMT6qjB7qx/;2024-06-02;https://www.instagram.com/renaultbrasil?utm_source=ig_web_button_share_sheet&igsh=ZDNlZDc0MzIxNw==
2023-10-10;"no novo Renault #Megane #ETech 100% #elétrico, cada detalhe foi pensado para uma experiência única ao dirigir. do cockpit integrado ao carregamento rápido.
#PureSensation #ElectricPower";•;https://www.instagram.com/p/CyN7APfqMHc/?img_index=1;2024-06-02;https://www.instagram.com/renaultbrasil?utm_source=ig_web_button_share_sheet&igsh=ZDNlZDc0MzIxNw==
2023-10-12;a Renault sabe a importância das crianças na construção de um futuro melhor. por isso, nossas iniciativas por todo o mundo vão além do #DiaDasCrianças com o Instituto Renault.;•;https://www.instagram.com/p/CyTLj6yO8iN/?img_index=1;2024-06-02;https://www.instagram.com/renaultbrasil?utm_source=ig_web_button_share_sheet&igsh=ZDNlZDc0MzIxNw==
2023-10-13;"toda viagem fica mais tecnológica com multimídia openR de 9"" do novo Renault #Megane #ETech 100% #elétrico. ele vem com espelhamento de smartphone sem fio e muito mais.
#PureTechnology #open";•;https://www.instagram.com/p/CyVpYbACzbZ/;2024-06-02;https://www.instagram.com/renaultbrasil?utm_source=ig_web_button_share_sheet&igsh=ZDNlZDc0MzIxNw==
2023-10-16;"o novo Renault #Megane #ETech 100% #elétrico tem 337 km de autonomia e carga rápida compatível com corrente alternada, contínua, tomada doméstica ou carregadores públicos.
#PureElectric #Mobilize";•;https://www.instagram.com/p/CydXy9pMv6c/?img_index=1;2024-06-02;https://www.instagram.com/renaultbrasil?utm_source=ig_web_button_share_sheet&igsh=ZDNlZDc0MzIxNw==
2023-10-16;o queridinho #Renault #Twingo30 #elétrico mandando ver no estilo Gangsta para comemorar os 30 anos.;•;https://www.instagram.com/p/CyeIZgXuIyc/;2024-06-02;https://www.instagram.com/renaultbrasil?utm_source=ig_web_button_share_sheet&igsh=ZDNlZDc0MzIxNw==
2023-10-16;"o carro em conexão com a cidade. essa é a ideia do carro-conceito co-criado pela
#SoftwareRepublique com a #Renault. com a tecnologia V2E, ele é capaz de receber dados de sensores espalhados pela cidade e emitir alertas, como por exemplo, a proximidade de veículos de emergência como ambulância, polícia, bombeiro. assim, você pode abrir o caminho com segurança e na hora certa. o carro do amanhã a gente constrói hoje. descubra isso e muito mais no link da nossa bio.";•;https://www.instagram.com/p/Cyeh7IbOHGI/?img_index=1;2024-06-02;https://www.instagram.com/renaultbrasil?utm_source=ig_web_button_share_sheet&igsh=ZDNlZDc0MzIxNw==
2023-10-17;nenhuma passarela cabe toda beleza do queridinho #Renault #Twingo30 #elétrico⚡️.;•;https://www.instagram.com/p/Cygl1VrL5Yh/;2024-06-02;https://www.instagram.com/renaultbrasil?utm_source=ig_web_button_share_sheet&igsh=ZDNlZDc0MzIxNw==
2023-10-18;um carro que pensa em tudo antes de você. o carro-conceito #HumanFirst #Vision, co-criado pela #SoftwareRepublique e pela #Renault, usa dados de tráfego e acidentes da sua cidade para te alertar quando estiver se aproximando de uma zona de risco. descubra isso e muito mais através do link em nossa bio.;•;https://www.instagram.com/p/CyjfFPDBbyj/?img_index=1;2024-06-02;https://www.instagram.com/renaultbrasil?utm_source=ig_web_button_share_sheet&igsh=ZDNlZDc0MzIxNw==
2023-10-18;30 anos do #Renault #Twingo30 #elétrico⚡️. tem como não amar esse querido?;•;https://www.instagram.com/p/Cyi13d4J2i5/;2024-06-02;https://www.instagram.com/renaultbrasil?utm_source=ig_web_button_share_sheet&igsh=ZDNlZDc0MzIxNw==
2023-10-18;são muitas versões do inesquecível #Renault #Twingo marcando presença no #Loheac Festival, um evento focado em clássicos do automobilismo.;•;https://www.instagram.com/p/CyjOLscJGRj/;2024-06-02;https://www.instagram.com/renaultbrasil?utm_source=ig_web_button_share_sheet&igsh=ZDNlZDc0MzIxNw==
2023-10-19;"chegou ao Brasil toda a inovação high-tech do Renault #Megane #ETech 100% #elétrico: como o retrovisor interno com câmera, controle de velocidade adaptativo e mais 17 sistemas avançados de assistência ao motorista.
#PureTechnology #Security";•;https://www.instagram.com/p/CymHEkYvEVh/;2024-06-02;https://www.instagram.com/renaultbrasil?utm_source=ig_web_button_share_sheet&igsh=ZDNlZDc0MzIxNw==
2023-10-23;descubra um outro nível de imersão acústica com a tecnologia #EfeitoCasulo do novo Renault Megane E-Tech 100% elétrico. ela oferece muito mais conforto sonoro para você.;•;https://www.instagram.com/p/CywCiUitzpB/?img_index=1;2024-06-02;https://www.instagram.com/renaultbrasil?utm_source=ig_web_button_share_sheet&igsh=ZDNlZDc0MzIxNw==
2023-10-24;você conectado o tempo inteiro com o cockpit integrado do novo Renault Megane E-Tech 100% elétrico. #PuraTecnologia #Cockpit;•;https://www.instagram.com/p/CyySt8CLT2h/;2024-06-02;https://www.instagram.com/renaultbrasil?utm_source=ig_web_button_share_sheet&igsh=ZDNlZDc0MzIxNw==
2023-10-25;chegou a hora. apresentamos o novo SUV #Renault Kardian. ele vem aí trazendo a nova Renault, com uma direção dinâmica, motor turbo de 125 cv, um torque de 220 Nm e 13 ADAS (assistentes de direção). além de um amplo espaço interno, com console central elevado integrando tecnologias como câmbio e-shifter e o freio de estacionamento elétrico. clique no link da bio e saiba mais.;•;https://www.instagram.com/p/Cy0ptVYtlH-/;2024-06-02;https://www.instagram.com/renaultbrasil?utm_source=ig_web_button_share_sheet&igsh=ZDNlZDc0MzIxNw==
2023-10-26;design com linhas esculpidas e elegantes, intensificadas pela pintura biton laranja e preta. dianteira com uma grade marcante com o novo logo, faróis full LED e roda de liga leve biton 17”. em breve o #Renault #Kardian vai chegar às ruas do Brasil. link na bio.;•;https://www.instagram.com/p/Cy3Hp0Kx0rx/?img_index=1;2024-06-02;https://www.instagram.com/renaultbrasil?utm_source=ig_web_button_share_sheet&igsh=ZDNlZDc0MzIxNw==
2023-10-26;a #iARTofPERFORMANCE chegou para mostrar que na altitude ou em outras condições desafiadoras nas estradas, a tecnologia #Renault #ETech 100% #elétrica é sempre eficiente. #MexicoGP #A523 @alpinef1team #F1 temporada 2023.;•;https://www.instagram.com/p/Cy4Fck8hXNX/?img_index=1;2024-06-02;https://www.instagram.com/renaultbrasil?utm_source=ig_web_button_share_sheet&igsh=ZDNlZDc0MzIxNw==
2023-10-27;#Renault #Kardian: com console central elevado para maior conforto, câmbio EDC, alavanca e-shifter e multi-sense ambient lighting para personalizar a experiência interior. além disso, seus assentos ergonômicos e o espaço interno redesenhado vão reinventar tudo que você entendia de conforto. link na bio.;•;https://www.instagram.com/p/Cy5sjZHvDnl/?img_index=1;2024-06-02;https://www.instagram.com/renaultbrasil?utm_source=ig_web_button_share_sheet&igsh=ZDNlZDc0MzIxNw==
2023-10-27;um verdadeiro porta-bandeira da renovação da Renault no Brasil. conheça o carro conceito #Renault #Niagara #ETech híbrido, uma picape robusta, potente e sofisticada, com a exclusiva tecnologia #ETech 4x4.;•;https://www.instagram.com/p/Cy6gLsTRR4t/?img_index=1;2024-06-02;https://www.instagram.com/renaultbrasil?utm_source=ig_web_button_share_sheet&igsh=ZDNlZDc0MzIxNw==
2023-10-27;"categoria melhores atores coadjuvantes na série Bodies do #Netflix. nossos indicados são:
- #Renault #Megane #ETech 100% #electric
- Renault #ScenicVision";•;https://www.instagram.com/p/Cy6qcLVhwPv/;2024-06-02;https://www.instagram.com/renaultbrasil?utm_source=ig_web_button_share_sheet&igsh=ZDNlZDc0MzIxNw==
2023-10-28;"o #Renault #Kardian tem 13 ADAS (assistentes de direção), multimídia de 8” touch screen com espelhamento do smartphone e um painel digital de 7"". seu console central elevado acomoda o câmbio e-shifter que controla a transmissão automática EDC. os modos de condução multi-sense proporcionam uma experiência única ao dirigir. link na bio.";•;https://www.instagram.com/p/Cy8RUZrssxt/?img_index=1;2024-06-02;https://www.instagram.com/renaultbrasil?utm_source=ig_web_button_share_sheet&igsh=ZDNlZDc0MzIxNw==
2023-10-30;30 anos do #Renault #Twingo, em todos os formatos e tamanhos.;•;https://www.instagram.com/p/CzCEJYuhllD/;2024-06-02;https://www.instagram.com/renaultbrasil?utm_source=ig_web_button_share_sheet&igsh=ZDNlZDc0MzIxNw==
2023-10-30;"descubra o novo Renault Megane E-Tech 100% elétrico com o melhor do design aerodinâmico, privilegiando desempenho e eficiência.
#PuroDesign";•;https://www.instagram.com/p/CzBvgwDNYTG/;2024-06-02;https://www.instagram.com/renaultbrasil?utm_source=ig_web_button_share_sheet&igsh=ZDNlZDc0MzIxNw==
2023-11-01;nosso embaixador da #RenaultLineup comprova que os melhores do mundo não nascem prontos, e que precisam de muito esforço e dedicação. @felixaliassime teve uma origem humilde e alcançou as alturas do ranking mundial. #throwback;•;https://www.instagram.com/p/CzHlLQigyy5/?img_index=1;2024-06-02;https://www.instagram.com/renaultbrasil?utm_source=ig_web_button_share_sheet&igsh=ZDNlZDc0MzIxNw==
2023-11-03;um dos circuitos mais antigos da temporada. #Renault #E-Tech também tem uma longa história, com um legado de avanços tecnológicos desde 2010. #GPBrasil #A523 @alpinef1team #F1 temporada 2023.;•;https://www.instagram.com/p/CzMCqFfPY1o/?img_index=1;2024-06-02;https://www.instagram.com/renaultbrasil?utm_source=ig_web_button_share_sheet&igsh=ZDNlZDc0MzIxNw==
2023-11-06;"o novo Renault #Megane #ETech 100% #elétrico tem 19 ADAS, sistemas avançados de assistência ao motorista para garantir sua segurança em todos os momentos.
#PureSecurity #SafeCar";•;https://www.instagram.com/p/CzTxEO6BOFI/?img_index=1;2024-06-02;https://www.instagram.com/renaultbrasil?utm_source=ig_web_button_share_sheet&igsh=ZDNlZDc0MzIxNw==
2023-11-07;a nova versão europeia da van #Renault #Master foi reprojetada e se destaca pela aerodinâmica e eficiência. aguarde para saber mais sobre esse lançamento no dia 21/11/2023.;•;https://www.instagram.com/p/CzW_N9_i3oZ/;2024-06-02;https://www.instagram.com/renaultbrasil?utm_source=ig_web_button_share_sheet&igsh=ZDNlZDc0MzIxNw==
2023-11-08;#mutethehotrod, o hot-rod 100% elétrico que é um sonho para qualquer adulto... e para crianças também ➡️ link na bio;•;https://www.instagram.com/p/CzYs767L0Wb/;2024-06-02;https://www.instagram.com/renaultbrasil?utm_source=ig_web_button_share_sheet&igsh=ZDNlZDc0MzIxNw==
2023-11-08;o Renault Kwid é o carro mais econômico do Brasil e fica ainda mais a sua cara com tantas opções de cor, assinatura de LED e 4 airbags de fábrica. escolha o seu e aproveite o Kwid com preço de nota fiscal de fábrica.;•;https://www.instagram.com/p/CzY6qFaK_Gv/?img_index=1;2024-06-02;https://www.instagram.com/renaultbrasil?utm_source=ig_web_button_share_sheet&igsh=ZDNlZDc0MzIxNw==
2023-11-08;tecnologia em prol do bem-estar. o carro-conceito #HumanFirst #Vision, criado pela #Renault em parceria com a #SoftwareRepublique, monitora a frequência cardíaca por meio de sensores no volante e percebe o humor do motorista para adaptar o ambiente da cabine. saiba mais sobre ele no link da bio.;•;https://www.instagram.com/p/CzZPPv_v7fx/?img_index=1;2024-06-02;https://www.instagram.com/renaultbrasil?utm_source=ig_web_button_share_sheet&igsh=ZDNlZDc0MzIxNw==
2023-11-08;vem aí a 4ª geração da #Renault #Master, ainda mais aerodinâmica. vamos apresentar a nova van ao mercado europeu durante a #SOLUTRANS motor show de Lyon, na França.;•;https://www.instagram.com/p/CzZjy5wNXf8/;2024-06-02;https://www.instagram.com/renaultbrasil?utm_source=ig_web_button_share_sheet&igsh=ZDNlZDc0MzIxNw==
2023-11-09;o novo Renault Megane E-Tech 100% elétrico tem design inovador com detalhes exclusivos, como os puxadores que aparecem automaticamente #PuroDesign;•;https://www.instagram.com/p/Czbfd59qt1Z/;2024-06-02;https://www.instagram.com/renaultbrasil?utm_source=ig_web_button_share_sheet&igsh=ZDNlZDc0MzIxNw==
2023-11-10;a Renault faz carros para todo mundo. afinal de contas, a paixão por automobilismo não tem idade. descubra o circuito elétrico R5 Prototype e R5 Turbo 3E que em breve chega ao Brasil na loja online #TheOriginalsRenault.;•;https://www.instagram.com/p/CzeukuhPDGg/;2024-06-02;https://www.instagram.com/renaultbrasil?utm_source=ig_web_button_share_sheet&igsh=ZDNlZDc0MzIxNw==
2023-11-10;já imaginou um carro que pudesse fazer o próprio check-up? a #Renault imaginou e, em parceria com a #SoftwareRepublique, criou o carro-conceito #HumanFirst #Vision. ele tem um sistema que avalia o desgaste e a eficiência das peças em tempo real e pode prever a próxima manutenção com base nessas informações. saiba mais sobre ele no link da bio.;•;https://www.instagram.com/p/Cze31sbrz8b/?img_index=1;2024-06-02;https://www.instagram.com/renaultbrasil?utm_source=ig_web_button_share_sheet&igsh=ZDNlZDc0MzIxNw==
2023-11-11;pista de autorama é um clássico. assim como o R5 Prototype e o R5 Turbo 3E. então, por que não unir tudo isso? em breve no Brasil, o nosso novo circuito elétrico. confira as fotos.;•;https://www.instagram.com/p/CzgpBoKojDC/?img_index=1;2024-06-02;https://www.instagram.com/renaultbrasil?utm_source=ig_web_button_share_sheet&igsh=ZDNlZDc0MzIxNw==
2023-11-11;muitos modelos históricos e especiais da Renault em exposição num único evento: no #EpoquAuto em Lyon estarão #Renault #Twingo originais dos anos 90, 4 modelos exclusivos refeitos em versão 100% elétricos, projetados para celebrar o aniversário do #Twingo30.;•;https://www.instagram.com/p/Czg9mKVsjwu/?img_index=1;2024-06-02;https://www.instagram.com/renaultbrasil?utm_source=ig_web_button_share_sheet&igsh=ZDNlZDc0MzIxNw==
2023-11-12;conheçam aquele que ninguém consegue imitar, o #Renault #EspaceF1 🏁. uma combinação perfeita de uma minivan com um motor Renault de alto desempenho da Fórmula 1.;•;https://www.instagram.com/p/CzjN2egie5F/;2024-06-02;https://www.instagram.com/renaultbrasil?utm_source=ig_web_button_share_sheet&igsh=ZDNlZDc0MzIxNw==
2023-11-13;a nova identidade visual da Renault está presente no novo Renault Megane E-Tech 100% elétrico. ele tem design inovador de crossover esportivo e faróis 100% LED. #PuroDesign;•;https://www.instagram.com/p/Czlyq0_pp1m/?img_index=1;2024-06-02;https://www.instagram.com/renaultbrasil?utm_source=ig_web_button_share_sheet&igsh=ZDNlZDc0MzIxNw==
2023-11-14;se é espaço interno que o seu negócio precisa, o novo Renault Kangoo E-Tech 100% elétrico é a solução. são 4,3 m³ e 800 kg de capacidade de carga para você. conheça agora.;•;https://www.instagram.com/p/CzoXX_xMai2/;2024-06-02;https://www.instagram.com/renaultbrasil?utm_source=ig_web_button_share_sheet&igsh=ZDNlZDc0MzIxNw==
2023-11-16;mais de 3000: essa é a quantidade de pontos públicos de recarga que existem no Brasil. já sabe, né? dá para viajar e pegar a estrada com tranquilidade a bordo dos nossos modelos Renault E-Tech 100% elétricos.;•;https://www.instagram.com/p/Cztg_RwJf7D/;2024-06-02;https://www.instagram.com/renaultbrasil?utm_source=ig_web_button_share_sheet&igsh=ZDNlZDc0MzIxNw==
2023-11-16;#iARTdaPERFORMANCE: o circuito do #LasVegasGP é um dos mais novos desta temporada. e assim como ele, os novos avanços das tecnologias #Renault #ETech full hybrid e 100% elétrica também se baseiam em anos de experiência em outras pistas. ➡️ #A523 @alpinef1team #F1 #F12023;•;https://www.instagram.com/p/Czt1lnSqQkd/?img_index=1;2024-06-02;https://www.instagram.com/renaultbrasil?utm_source=ig_web_button_share_sheet&igsh=ZDNlZDc0MzIxNw==
2023-11-16;ontem foi revelado oficialmente o #protótipo do #Renault #Twingo #ETech 100% #elétrico. é o terceiro clássico pronto para ser revivido, depois dos modelos #R5 e #R4.;•;https://www.instagram.com/p/CzuD9NTyuMK/?img_index=1;2024-06-02;https://www.instagram.com/renaultbrasil?utm_source=ig_web_button_share_sheet&igsh=ZDNlZDc0MzIxNw==
2023-11-16;a motorização do Renault Kardian também é totalmente nova: 1.0 turbo, 3 cilindros com 125 cv e 220 Nm de torque, combinado com a tecnologia de câmbio EDC (Efficient Dual-Clutch) - a mudança está chegando. cadastre-se no link da bio para saber novidades sobre o novo Renault Kardian.;•;https://www.instagram.com/p/CzuPXSzsSNa/;2024-06-02;https://www.instagram.com/renaultbrasil?utm_source=ig_web_button_share_sheet&igsh=ZDNlZDc0MzIxNw==
2023-11-17;o câmbio EDC do #Renault #Kardian significa aceleração rápida e precisa sem queda no torque. com o moderno câmbio e-shifter, você consegue ir de Drive para Neutro e Ré com um simples toque, ou até usar os Paddle-shifters para uma condução mais esportiva. é a nova tradução do prazer em dirigir. cadastre-se no link da bio para saber novidades sobre o novo Renault Kardian.;•;https://www.instagram.com/p/CzwFrgIRtU8/;2024-06-02;https://www.instagram.com/renaultbrasil?utm_source=ig_web_button_share_sheet&igsh=ZDNlZDc0MzIxNw==
2023-11-17;nós poderíamos ficar o dia todo nesse ritmo #Renault #FamiliaScenic.;•;https://www.instagram.com/p/Czwu98Wh4nc/;2024-06-02;https://www.instagram.com/renaultbrasil?utm_source=ig_web_button_share_sheet&igsh=ZDNlZDc0MzIxNw==
2023-11-18;o interior do #Renault #Kardian, vai mudar tudo o que você conhece na categoria. são 8 litros de espaço em porta-objetos, console central elevado, carregador de smartphone por indução e freio de estacionamento elétrico. e com o inovador câmbio e-shifter, fica fácil mudar entre as marchas drive, neutro e ré com apenas um toque. cadastre-se no link da bio para saber novidades sobre o novo Renault Kardian.;•;https://www.instagram.com/p/CzyqpR-KW0j/?img_index=1;2024-06-02;https://www.instagram.com/renaultbrasil?utm_source=ig_web_button_share_sheet&igsh=ZDNlZDc0MzIxNw==
2023-11-19;"são 125 anos reinventando a mobilidade pelo mundo. em 1898, apresentamos o Voiturette, o primeiro carro a superar a subida da Rua Lepic, em Paris. em 2023, apresentamos o Renault #Scenic #ETech, o 100% elétrico que roda até 625 km com uma carga.

#Renault125";•;https://www.instagram.com/p/Cz1PV4Uqe40/?img_index=1;2024-06-02;https://www.instagram.com/renaultbrasil?utm_source=ig_web_button_share_sheet&igsh=ZDNlZDc0MzIxNw==
2023-11-20;"conectividade não é só sobre tecnologia. é sobre a relação do motorista com o carro. com 125 anos de reinvenção, a #Renault sempre percebeu isso. e em 2023, apresentamos o sistema multimídia openR link, com mais de 50 aplicações, que equipa nossos carros mais modernos.

#Renault125";•;https://www.instagram.com/p/Cz30KdeCRoN/?img_index=1;2024-06-02;https://www.instagram.com/renaultbrasil?utm_source=ig_web_button_share_sheet&igsh=ZDNlZDc0MzIxNw==
2023-11-21;satisfatório, não é mesmo? essa é a homenagem do @alexchipi11, artista parceiro, aos 125 anos da #Renault. 🤩;•;https://www.instagram.com/p/Cz7CNg3vysr/;2024-06-02;https://www.instagram.com/renaultbrasil?utm_source=ig_web_button_share_sheet&igsh=ZDNlZDc0MzIxNw==
2023-11-21;nenhum lugar é inalcançável para a sua empresa com os 210 km de autonomia do novo Renault Kangoo E-Tech 100% elétrico e o carregamento rápido de até 170 km em 30 min desse lançamento.;•;https://www.instagram.com/p/Cz6oHhxLdNy/?img_index=1;2024-06-02;https://www.instagram.com/renaultbrasil?utm_source=ig_web_button_share_sheet&igsh=ZDNlZDc0MzIxNw==
2023-11-21;novos ventos na Europa: lançamento da #Renault #MasterVan #ETech 100% #elétrico com um design aerodinâmico #aerovan, um consumo otimizado em 21% no modo elétrico. proporcionando uma autonomia de até 410 km. também disponível na versão diesel.;•;https://www.instagram.com/p/Cz7MBq6BPtu/;2024-06-02;https://www.instagram.com/renaultbrasil?utm_source=ig_web_button_share_sheet&igsh=ZDNlZDc0MzIxNw==
2023-11-22;recém-lançada no mercado europeu, a nova #Renault #Master tem versão #ETech 100% elétrica e a diesel. a linha completa já vem de fábrica com o novo emblema da Renault, que reafirma toda a inovação da marca. confira algumas fotos dessa novidade na #Solutrans motor show, em Lyon.;•;https://www.instagram.com/p/Cz9tzsfC6d2/?img_index=1;2024-06-02;https://www.instagram.com/renaultbrasil?utm_source=ig_web_button_share_sheet&igsh=ZDNlZDc0MzIxNw==
2023-11-24;lançada no mercado europeu, a nova #Renault #MasterVan #ETech 100% elétrica é uma obra de design e engenharia. com carroceria aerodinâmica, nossa #aerovan otimiza o consumo de energia em 21%, podendo rodar até 410 km com uma carga. além disso, ela também tem a versão a diesel, com o mesmo desenho.;•;https://www.instagram.com/p/C0Cb9XeIhgv/?img_index=1;2024-06-02;https://www.instagram.com/renaultbrasil?utm_source=ig_web_button_share_sheet&igsh=ZDNlZDc0MzIxNw==
2023-11-24;todo mundo de olho na nova #Renault #Master #ETech 100% Elétrica apresentada para o mercado europeu na Solutrans motor show.;•;https://www.instagram.com/p/C0Cz2BvpHj4/;2024-06-02;https://www.instagram.com/renaultbrasil?utm_source=ig_web_button_share_sheet&igsh=ZDNlZDc0MzIxNw==
2023-11-26;desenhada em tuneis de vento para tirar o fôlego. nova #Renault #Master #ETech 100% Elétrica, agora lançada na Europa.;•;https://www.instagram.com/p/C0Hlk1BLL8k/;2024-06-02;https://www.instagram.com/renaultbrasil?utm_source=ig_web_button_share_sheet&igsh=ZDNlZDc0MzIxNw==
2023-11-27;comodidade é poder carregar seu Renault Kwid E-Tech 100% elétrico onde você quiser e ainda contar com 185km de autonomia. seguindo as regras do ciclo PBEV.;•;https://www.instagram.com/p/C0J4ASfq9fC/;2024-06-02;https://www.instagram.com/renaultbrasil?utm_source=ig_web_button_share_sheet&igsh=ZDNlZDc0MzIxNw==
2023-11-29;clássico R5 está de volta. R5VOLUTION vem aí. #R5isback 2024;•;https://www.instagram.com/p/C0Po1wchNKQ/;2024-06-02;https://www.instagram.com/renaultbrasil?utm_source=ig_web_button_share_sheet&igsh=ZDNlZDc0MzIxNw==
2023-11-30;"a volta do #Renault5 está mais perto do que você imagina. R5VOLUTION está chegando na Europa em 2024. descubra o legado desse modelo histórico.
#R5 #R5isback";•;https://www.instagram.com/p/C0SNW4tNLkE/;2024-06-02;https://www.instagram.com/renaultbrasil?utm_source=ig_web_button_share_sheet&igsh=ZDNlZDc0MzIxNw==
2023-12-01;"o modelo que foi ícone no passado, agora pronto para o futuro. em 2024, o #Renault5 retorna para a Europa com R5VOLUTION.

#R5 #Renault5 #R5isback";•;https://www.instagram.com/p/C0UI6wFBpZU/;2024-06-02;https://www.instagram.com/renaultbrasil?utm_source=ig_web_button_share_sheet&igsh=ZDNlZDc0MzIxNw==
2023-12-04;estamos celebrando os 25 anos da Renault no Brasil. agradecemos a todos os brasileiros por essa parceria. confiram alguns fatos marcantes da nossa história.;•;https://www.instagram.com/p/C0cn86sNtM0/;2024-06-02;https://www.instagram.com/renaultbrasil?utm_source=ig_web_button_share_sheet&igsh=ZDNlZDc0MzIxNw==
2023-12-05;isso que é matchpoint. o #Renault Line-up está ansioso para trazer para você os desafios de 2024.;•;https://www.instagram.com/p/C0fFV41Ngdj/;2024-06-02;https://www.instagram.com/renaultbrasil?utm_source=ig_web_button_share_sheet&igsh=ZDNlZDc0MzIxNw==
2023-12-05;"ter Diede De Groot como embaixadora da #Renault é um privilégio. a número 1 do mundo no tênis em cadeira de rodas é uma inspiração.
#tennis #handicap";•;https://www.instagram.com/p/C0ewtpSPH-2/;2024-06-02;https://www.instagram.com/renaultbrasil?utm_source=ig_web_button_share_sheet&igsh=ZDNlZDc0MzIxNw==
2023-12-05;a picape perfeita para o trabalho, feita para ir além. traz mais força, mais robustez e mais conforto para seu o dia a dia.;•;https://www.instagram.com/p/C0ecDsxNDu1/?img_index=1;2024-06-02;https://www.instagram.com/renaultbrasil?utm_source=ig_web_button_share_sheet&igsh=ZDNlZDc0MzIxNw==
2023-12-06;grandes números também fazem parte dos 25 anos da fábrica da Renault no Brasil. saiba mais no link da bio.;•;https://www.instagram.com/p/C0htvfvxTRJ/?img_index=1;2024-06-02;https://www.instagram.com/renaultbrasil?utm_source=ig_web_button_share_sheet&igsh=ZDNlZDc0MzIxNw==
2023-12-08;divertido, atrevido, tecnológico e clássico. conheça o protótipo do Renault 5 E-Tech 100% elétrico, uma releitura desse modelo que vai reescrever as regras na Europa.;•;https://www.instagram.com/p/C0mj3tQM8rI/;2024-06-02;https://www.instagram.com/renaultbrasil?utm_source=ig_web_button_share_sheet&igsh=ZDNlZDc0MzIxNw==
2023-12-08;o futuro é o combustível que vem movendo a Renault ao longo desses 25 anos. conheça mais fatos sobre essa história.;•;https://www.instagram.com/p/C0mzoX2sKCQ/?img_index=1;2024-06-02;https://www.instagram.com/renaultbrasil?utm_source=ig_web_button_share_sheet&igsh=ZDNlZDc0MzIxNw==
2023-12-09;uma R5VOLUÇÃO icônica está voltando. o clássico #Renault5 vai voltar às pistas da Europa em 2024, mas agora em uma versão E-Tech 100% elétrica.;•;https://www.instagram.com/p/C0ovPXcNjyR/;2024-06-02;https://www.instagram.com/renaultbrasil?utm_source=ig_web_button_share_sheet&igsh=ZDNlZDc0MzIxNw==
2023-12-11;fazer do futuro o nosso presente só é possível com toda a tecnologia que está por trás da nossa fábrica.;•;https://www.instagram.com/p/C0tkPtesGXR/?img_index=1;2024-06-02;https://www.instagram.com/renaultbrasil?utm_source=ig_web_button_share_sheet&igsh=ZDNlZDc0MzIxNw==
2023-12-11;o #Renault #Kardian está chegando. acesse o link na bio, para informações exclusivas da mudança que muda tudo.;•;https://www.instagram.com/p/C0uQvbHN1u8/;2024-06-02;https://www.instagram.com/renaultbrasil?utm_source=ig_web_button_share_sheet&igsh=ZDNlZDc0MzIxNw==
2023-12-11;para aumentar a segurança no trânsito e melhorar a eficiência em resgates, a #Renault está investindo no #HumanFirstProgram e oferecendo treinamento das tecnologias Fireman Access e QRescue a bombeiros de vários países. esse é só o início do nosso programa global.;•;https://www.instagram.com/p/C0uksywt6vI/;2024-06-02;https://www.instagram.com/renaultbrasil?utm_source=ig_web_button_share_sheet&igsh=ZDNlZDc0MzIxNw==
2023-12-12;algumas aventuras são tão grandes que só cabem num Renault Duster. com maior espaço interno do segmento e motor turbo TCe 1.3 de 170 cv;•;https://www.instagram.com/p/C0wyOndgd-S/;2024-06-02;https://www.instagram.com/renaultbrasil?utm_source=ig_web_button_share_sheet&igsh=ZDNlZDc0MzIxNw==
2023-12-13;"uma nova Renault e o futuro da mobilidade, a gente constrói da mesma
forma: reiventando-se.";•;https://www.instagram.com/p/C0zCcwzv0rr/?img_index=1;2024-06-02;https://www.instagram.com/renaultbrasil?utm_source=ig_web_button_share_sheet&igsh=ZDNlZDc0MzIxNw==
2023-12-14;o futuro da #Renault chegou na Champs-Élysées: venha conhecer o #TheCarwalk: um #metaverso com 125 anos de história da marca. aberto todos os dias, o dia todo. acesse link na bio.;•;https://www.instagram.com/p/C0173dtrzwu/;2024-06-02;https://www.instagram.com/renaultbrasil?utm_source=ig_web_button_share_sheet&igsh=ZDNlZDc0MzIxNw==
2023-12-14;o Renault Kangoo E-Tech 100% elétrico tem multimídia EasyLink de 8’’com espelhamento de smartphone e muita tecnologia que proporcionam uma experiência mais moderna e personalizada para seu negócio estar sempre conectado.;•;https://www.instagram.com/p/C01nQKjJ-cI/;2024-06-02;https://www.instagram.com/renaultbrasil?utm_source=ig_web_button_share_sheet&igsh=ZDNlZDc0MzIxNw==
2023-12-15;a cada dia, a R5VOLUÇÃO fica mais perto. estamos preparando o retorno do clássico #Renault5 às ruas da Europa. um carro que fez tanto sucesso no passado, agora pronto parao futuro. #R5isback #R5;•;https://www.instagram.com/p/C04MHSLtkqw/;2024-06-02;https://www.instagram.com/renaultbrasil?utm_source=ig_web_button_share_sheet&igsh=ZDNlZDc0MzIxNw==
2023-12-16;no passado, o número 5 fez história. e agora, ele vai fazer uma R5VOLUÇÃO. o retorno do #Renault5 ao mercado europeu está chegando. #R5isback #R5;•;https://www.instagram.com/p/C06w0QWr_LD/;2024-06-02;https://www.instagram.com/renaultbrasil?utm_source=ig_web_button_share_sheet&igsh=ZDNlZDc0MzIxNw==
2023-12-16;o clássico R5VOLUTION está a caminho. #R5 retorna ao mercado europeu em 2024. #R5isback com uma versão mais moderna e atual.;•;https://www.instagram.com/p/C07aGAysETW/;2024-06-02;https://www.instagram.com/renaultbrasil?utm_source=ig_web_button_share_sheet&igsh=ZDNlZDc0MzIxNw==
2023-12-19;a Renault está reinventando o futuro do tênis no Brasil. ampliando o acesso ao esporte com ações transformadoras. todos esses projetos estão dentro da estratégia Global Give Me 5 e fazem parte da celebração dos 25 anos da Renault no Brasil.;•;https://www.instagram.com/p/C1CfMvoKG_q/?img_index=1;2024-06-02;https://www.instagram.com/renaultbrasil?utm_source=ig_web_button_share_sheet&igsh=ZDNlZDc0MzIxNw==
2023-12-19;em alguns segundos, você pode ir até Paris e conferir a transformação que a #Renault está fazendo na avenida Champs-Elysées. visite #TheCarwalk no metaverso e descubra essa experiência. acesse link na bio.;•;https://www.instagram.com/p/C1C1B2op1xQ/;2024-06-02;https://www.instagram.com/renaultbrasil?utm_source=ig_web_button_share_sheet&igsh=ZDNlZDc0MzIxNw==
2023-12-19;a história da Renault na F1 aparece no #Renault #ClioWillians, com o DNA das pistas em cada detalhe;•;https://www.instagram.com/p/C1DIbU6rRY4/;2024-06-02;https://www.instagram.com/renaultbrasil?utm_source=ig_web_button_share_sheet&igsh=ZDNlZDc0MzIxNw==
2023-12-20;com 4,3 m³ e 800 kg de capacidade de carga, o Renault Kangoo E-Tech 100% elétrico cabe todas as inovações que seu negócio precisa. além disso, você ainda conta com 210 km de autonomia e carregamento rápido de 170 km em 30 min. conheça agora.;•;https://www.instagram.com/p/C1FEBe1MtrN/?img_index=1;2024-06-02;https://www.instagram.com/renaultbrasil?utm_source=ig_web_button_share_sheet&igsh=ZDNlZDc0MzIxNw==
2023-12-21;"em 2024, o clássico #R5 volta às voltas da Europa, trazendo uma R5VOLUÇÃO. e antes desse retorno, você pode explorar o mundo do #Renault5.

#R5isback";•;https://www.instagram.com/p/C1ISDc7O6Yi/;2024-06-02;https://www.instagram.com/renaultbrasil?utm_source=ig_web_button_share_sheet&igsh=ZDNlZDc0MzIxNw==
2023-12-22;a @pantone já tem a sua cor do ano, mas aqui está a cor de 2024 da #Renault: PANTONE 142 C R5 amarelo pop;•;https://www.instagram.com/p/C1KOuWlRyFz/;2024-06-02;https://www.instagram.com/renaultbrasil?utm_source=ig_web_button_share_sheet&igsh=ZDNlZDc0MzIxNw==
2023-12-22;ampliar o acesso ao tênis no Brasil é um compromisso que a Renault assumiu. entre nossas iniciativas, capacitamos professores de educação física de escolas públicas. em São Bernardo do Campo, oferecemos esse treinamento a mais de 20 profissionais, realizado pela tenista Patrícia Medrado, além de doar kits com bolinhas e raquetes de tênis de campo. 1000 alunos da rede pública terão aulas desse esporte que ainda é pouco acessível no país.;•;https://www.instagram.com/p/C1KiNBGJIng/?img_index=1;2024-06-02;https://www.instagram.com/renaultbrasil?utm_source=ig_web_button_share_sheet&igsh=ZDNlZDc0MzIxNw==
2023-12-25;Natal é época de transformação. e a #Renault está preparando muitas novidades para você. obrigado por ter feito esse ano especial, aproveite as festas. #FelizNatal;•;https://www.instagram.com/p/C1R8A1coNhY/;2024-06-02;https://www.instagram.com/renaultbrasil?utm_source=ig_web_button_share_sheet&igsh=ZDNlZDc0MzIxNw==
2024-01-01;2024 será o ano da revolução. ou melhor: da R5VOLUÇÃO. a #Renault deseja um #FelizAnoNovo. #R5isBack;•;https://www.instagram.com/p/C1j2sQLPqrF/;2024-06-02;https://www.instagram.com/renaultbrasil?utm_source=ig_web_button_share_sheet&igsh=ZDNlZDc0MzIxNw==
2024-01-03;a eletrificação é um projeto que abraçamos há muito tempo. e hoje, ela já está presente no mundo todo. com 125 anos de história, a Renault impulsiona avanços técnicos para melhorar a mobilidade. o novo #Renault5 é uma R5VOLUÇÃO 100% elétrica que representa muito bem isso.;•;https://www.instagram.com/p/C1o9t0IODEk/?img_index=1;2024-06-02;https://www.instagram.com/renaultbrasil?utm_source=ig_web_button_share_sheet&igsh=ZDNlZDc0MzIxNw==
2024-01-04;o #Renault #Kardian tem freio de estacionamento elétrico, câmbio e-shifter e painel digital de 7”. para informações exclusivas, acesse o link na bio.;•;https://www.instagram.com/p/C1rXTt2vhWX/?img_index=1;2024-06-02;https://www.instagram.com/renaultbrasil?utm_source=ig_web_button_share_sheet&igsh=ZDNlZDc0MzIxNw==
2024-01-05;a R5VOLUÇÃO voltou em grande estilo em Paris. #R5isback em 2024 #Renault5;•;https://www.instagram.com/p/C1uRqXIMbLf/;2024-06-02;https://www.instagram.com/renaultbrasil?utm_source=ig_web_button_share_sheet&igsh=ZDNlZDc0MzIxNw==
2024-01-09;em 2018, o Instituto Renault investiu em uma pesquisa científica coordenada pela PUC-PR chamada Mapa Social. o objetivo foi de identificar as maiores necessidades, demandas e oportunidades nas comunidades próximas ao nosso Complexo de fábricas, em São José dos Pinhais (PR). depois, implementamos iniciativas sociais nesses lugares. em 2023, refizemos a pesquisa e os moradores já sentiram grande diferença. divulgamos os resultados durante o evento Do Diálogo À Ação. o material está disponível no site institutorenault.com.br;•;https://www.instagram.com/p/C14PX7-u1dH/;2024-06-02;https://www.instagram.com/renaultbrasil?utm_source=ig_web_button_share_sheet&igsh=ZDNlZDc0MzIxNw==
2024-01-10;com faróis em LED, nova roda Tergan 17” diamantada e 6 airbags de série, o novo #Renault #Duster é o SUV para todos os caminhos. descubra mais no link da bio.;•;https://www.instagram.com/p/C17x23vupuH/?img_index=1;2024-06-02;https://www.instagram.com/renaultbrasil?utm_source=ig_web_button_share_sheet&igsh=ZDNlZDc0MzIxNw==
2024-01-11;no dia 14/12 aconteceu o Torneio de Tênis CEU Campo Limpo, organizado pelo Instituto Renault. crianças e jovens do Instituto Patrícia Medrado participaram da competição, jogando na quadra revitalizada pela Renault. essa foi mais uma ativação para ampliar o acesso ao tênis.;•;https://www.instagram.com/p/C19Y5TutSDu/?img_index=1;2024-06-02;https://www.instagram.com/renaultbrasil?utm_source=ig_web_button_share_sheet&igsh=ZDNlZDc0MzIxNw==
2024-01-12;o R5 foi um modelo clássico que marcou os apaixonados por carros. e a gente continua vendo o número 5 em todo lugar. #R5isback 2024;•;https://www.instagram.com/p/C2AnODLSQLT/;2024-06-02;https://www.instagram.com/renaultbrasil?utm_source=ig_web_button_share_sheet&igsh=ZDNlZDc0MzIxNw==
2024-01-12;conheça de perto toda a inovação do Renault Kardian e entenda porque ele é a mudança que muda tudo. acesse o link na Bio.;•;https://www.instagram.com/p/C2A7f3ZK4bG/;2024-06-02;https://www.instagram.com/renaultbrasil?utm_source=ig_web_button_share_sheet&igsh=ZDNlZDc0MzIxNw==
2024-01-15;dois novos craques juntam-se ao time. bem-vindos @casperruud e @_dianeparry_, os dois novos embaixadores da #Renault Line Up, uma equipe com tenistas de ponta.;•;https://www.instagram.com/p/C2HsEotpdBd/?img_index=1;2024-06-02;https://www.instagram.com/renaultbrasil?utm_source=ig_web_button_share_sheet&igsh=ZDNlZDc0MzIxNw==
2024-01-15;patrocinadora premium de #RolandGarros, a #Renault está reinventando o tênis no Brasil, facilitando o acesso ao esporte. entre nossas iniciativas, está a revitalização de quadras de saibro no Parque Jacintho Alberto, em Pirituba, São Paulo, ampliando a parceria com a @urbiaparques. no dia 20/12, inauguramos essas quadras públicas para que todos possam jogar gratuitamente. que tal vir bater uma bolinha? 🎾;•;https://www.instagram.com/p/C2IVTTHNJpH/?img_index=1;2024-06-02;https://www.instagram.com/renaultbrasil?utm_source=ig_web_button_share_sheet&igsh=ZDNlZDc0MzIxNw==
2024-01-18;o #Renault #Gordini é um grande clássico feito de pequenos detalhes.;•;https://www.instagram.com/p/C2QDs6zrMKV/;2024-06-02;https://www.instagram.com/renaultbrasil?utm_source=ig_web_button_share_sheet&igsh=ZDNlZDc0MzIxNw==
2024-01-20;"a reinvenção é uma característica da #Renault. exemplo disso é o nosso emblema de diamante. ao longo do tempo, ele foi evoluindo e equipa nossos carros desde 1924. os anos passam, a gente continua avançando.
#Renault125 #R5isBack #Renault5 #ETech";•;https://www.instagram.com/p/C2U4qCWCkek/?img_index=1;2024-06-02;https://www.instagram.com/renaultbrasil?utm_source=ig_web_button_share_sheet&igsh=ZDNlZDc0MzIxNw==
2024-01-21;"a esportividade está no DNA da #Renault. são 125 anos de história, e boa parte deles nas pistas, desenvolvendo e melhorando a performance. o tempo passa, mas a nossa vontade de fazer melhor só aumenta.
#Renault125 #R5isBack #Renault5";•;https://www.instagram.com/p/C2XdbO1hk6_/?img_index=1;2024-06-02;https://www.instagram.com/renaultbrasil?utm_source=ig_web_button_share_sheet&igsh=ZDNlZDc0MzIxNw==
2024-01-30;a mudança que muda tudo em 2024 tem nome: Renault Kardian. deixe a inovação assumir o comando desse novo momento. acesse o link na bio.;•;https://www.instagram.com/p/C2uor_mLLF_/;2024-06-02;https://www.instagram.com/renaultbrasil?utm_source=ig_web_button_share_sheet&igsh=ZDNlZDc0MzIxNw==
2024-01-31;aproveitamos o salão de carros clássicos #Retromobile 2024 para revelar as cores do #Renault5 #ETech 100% elétrico, que logo chegará às ruas da Europa. esse modelo é a combinação dos nossos 125 anos de história com o futuro da mobilidade. #Renault125 #R5isBack.;•;https://www.instagram.com/p/C2x9cEytdZH/?img_index=1;2024-06-02;https://www.instagram.com/renaultbrasil?utm_source=ig_web_button_share_sheet&igsh=ZDNlZDc0MzIxNw==
2024-02-02;o #Renault5 #ETech 100% elétrico está chegando à Europa com 3 cores. confira os protótipos.;•;https://www.instagram.com/p/C23ARNgtTOt/;2024-06-02;https://www.instagram.com/renaultbrasil?utm_source=ig_web_button_share_sheet&igsh=ZDNlZDc0MzIxNw==
2024-02-07;obrigado a todos que acompanharam o #Retromobile 2024 de Paris nas nossas redes. o stand The Originals Renault foi inesquecível, trazendo um pouco dos 125 anos da nossa história. e ano que vem tem mais!;•;https://www.instagram.com/p/C3D4KqKLeUt/;2024-06-02;https://www.instagram.com/renaultbrasil?utm_source=ig_web_button_share_sheet&igsh=ZDNlZDc0MzIxNw==
2024-02-08;assista toda a potência do motor de alta performance do #Renault #MuteTheHotRod alcançando 140 km/h.;•;https://www.instagram.com/p/C3Gc95qCxds/;2024-06-02;https://www.instagram.com/renaultbrasil?utm_source=ig_web_button_share_sheet&igsh=ZDNlZDc0MzIxNw==
2024-02-10;nesse Carnaval, o R5 está pronto pra desfilar no seu feed. chegou a hora de curtir a maior festa do planeta. 🇧🇷;•;https://www.instagram.com/p/C3K9bSJLBdp/;2024-06-02;https://www.instagram.com/renaultbrasil?utm_source=ig_web_button_share_sheet&igsh=ZDNlZDc0MzIxNw==
2024-02-19;a hora de garantir o seu #Renault #Kardian antes de todo mundo está chegando. a pré-venda com vantagens exclusivas começa amanhã. acesse o link da bio e saiba mais.;•;https://www.instagram.com/p/C3iDc1ihMXr/;2024-06-02;https://www.instagram.com/renaultbrasil?utm_source=ig_web_button_share_sheet&igsh=ZDNlZDc0MzIxNw==
2024-02-20;a pré-venda do Renault Kardian começou. seja um dos primeiros a garantir esse lançamento, com as vantagens exclusivas do Kardian R Pass. acesse o link na bio e saiba mais.;•;https://www.instagram.com/p/C3lCC_FMxmT/;2024-06-02;https://www.instagram.com/renaultbrasil?utm_source=ig_web_button_share_sheet&igsh=ZDNlZDc0MzIxNw==
2024-02-26;"#Renault5 #ETech 100% elétrico
/ revelação oficial.
o Renault 5 foi um carro que fez muito sucesso nas décadas de 70 e 80. e hoje, ele faz seu retorno triunfal à Europa. a Renault apresenta o Renault 5 E-Tech 100% elétrico, direto do Salão de Genebra. #GIMS2024 #R5isBack";•;https://www.instagram.com/p/C30j4yLMeRN/?img_index=1;2024-06-02;https://www.instagram.com/renaultbrasil?utm_source=ig_web_button_share_sheet&igsh=ZDNlZDc0MzIxNw==
2024-02-26;"ele está de volta.
confira a revelação oficial do #Renault5 #ETech 100% elétrico. R5VOLUCIONÁRIO, R5INVENTADO, R5ENERGIZADO, R5DIGITALIZADO e INTER5TIVO. o Renault 5 está pronto para ganhar as ruas da Europa.
#GIMS2024 #R5isBack";•;https://www.instagram.com/p/C30zJOOO9d_/;2024-06-02;https://www.instagram.com/renaultbrasil?utm_source=ig_web_button_share_sheet&igsh=ZDNlZDc0MzIxNw==
2024-02-28;"#Renault5 #ETech 100% #elétrico

o Renault 5 anuncia seu retorno às ruas da Europa com força total no #GenevaMotorShow. a R5VOLUTION está acontecendo no estande da Renault lá em Genebra e está impressionante. fique ligado aqui nas nossas redes e acompanhe tudo.
#R5isBack #GIMS202";•;https://www.instagram.com/p/C35Cq3eMrMs/?img_index=1;2024-06-02;https://www.instagram.com/renaultbrasil?utm_source=ig_web_button_share_sheet&igsh=ZDNlZDc0MzIxNw==
2024-02-29;"um grande show de inovação está acontecendo no #GenevaMotorShow lá na Suíça. é a tecnologia Renault E-Tech mostrando o futuro dos carros direto da Europa, com veículos 100% elétricos e híbridos. conta pra gente qual o seu favorito?
#GIMS2024";•;https://www.instagram.com/p/C38k2oeguFW/?img_index=1;2024-06-02;https://www.instagram.com/renaultbrasil?utm_source=ig_web_button_share_sheet&igsh=ZDNlZDc0MzIxNw==
2024-03-02;5/4/3/2/1... foi dada a largada para a temporada de 2024 da #F1. a #Renault #Etech também faz parte desse circuito e deseja um excelente início para a @alpinef1team no Grande Prêmio de abertura.;•;https://www.instagram.com/p/C4BCEFkRIZ8/;2024-06-02;https://www.instagram.com/renaultbrasil?utm_source=ig_web_button_share_sheet&igsh=ZDNlZDc0MzIxNw==
2024-03-04;há 125 anos, a #Renault compartilha com o público a enorme paixão pelos salões de automóveis. da nossa primeira presença no Salão de Paris, em 1901, à revelação oficial do Renault 5 E-Tech 100% elétrico, no Salão de Genebra. #Renault125 #R5isBack;•;https://www.instagram.com/p/C4G0zs5JBI1/?img_index=1;2024-06-02;https://www.instagram.com/renaultbrasil?utm_source=ig_web_button_share_sheet&igsh=ZDNlZDc0MzIxNw==
2024-03-04;a cada dia, a nossa vontade de ampliar o acesso ao tênis só cresce. e nosso time também. neste Dia Mundial do Tênis, temos orgulho de apresentar @casperruud e @_dianeparry_ como os novos integrantes do #Renault Line-up. #WorldTennisDay;•;https://www.instagram.com/p/C4G7tspukev/;2024-06-02;https://www.instagram.com/renaultbrasil?utm_source=ig_web_button_share_sheet&igsh=ZDNlZDc0MzIxNw==
2024-03-06;nosso diamante brilhou de vários jeitos diferentes no #GenevaMotorShow lá na Suíça. dá uma olhadinha. #gims2024♥️;•;https://www.instagram.com/p/C4Lp16CvWmy/;2024-06-02;https://www.instagram.com/renaultbrasil?utm_source=ig_web_button_share_sheet&igsh=ZDNlZDc0MzIxNw==
2024-03-07;"um novo dia para o futuro dos carros começa agora com a fábrica 4.0 da Renault no Brasil. descubra o Kardian um marco de toda essa inovação. saiba mais no link da bio
#Renault #Kardian";•;https://www.instagram.com/p/C4N6DJmMvAu/;2024-06-02;https://www.instagram.com/renaultbrasil?utm_source=ig_web_button_share_sheet&igsh=ZDNlZDc0MzIxNw==
2024-03-08;o Renault 5 E-Tech 100% elétrico é inspirador. não é à toa que influenciou na criação desses 5 objetos de mobilidade, que estão em exposição no #GenevaMotorShow, incorporando a energia francesa e o seu design inovador.;•;https://www.instagram.com/p/C4QKSHDruot/;2024-06-02;https://www.instagram.com/renaultbrasil?utm_source=ig_web_button_share_sheet&igsh=ZDNlZDc0MzIxNw==
2024-03-08;#RolandGarros: a competição mais aguardada, renomada e original do Grand Slam acontece de 20 de maio a 9 de junho, com a #Renault como parceira premium pelo terceiro ano consecutivo.;•;https://www.instagram.com/p/C4RBNrSuONk/;2024-06-02;https://www.instagram.com/renaultbrasil?utm_source=ig_web_button_share_sheet&igsh=ZDNlZDc0MzIxNw==
2024-03-11;deslizar sobre a neve das montanhas europeias nunca foi tão silencioso. Renault 5 moonbike, um patinete elétrico para neve sem corrente ou correia que foi feito na França, é capaz de atingir 40 km/h com uma autonomia de bateria de 3 horas e vai ter venda exclusiva na Europa. uma collab entre o estilo francês e o design e a tecnologia do Renault 5.;•;https://www.instagram.com/p/C4YPSZ3KYid/;2024-06-02;https://www.instagram.com/renaultbrasil?utm_source=ig_web_button_share_sheet&igsh=ZDNlZDc0MzIxNw==
2024-03-11;uma inovação mais que completa: a Renault 5 evol bmx é a BMX elétrica, feita na França, projetada para equilíbrio perfeito e capaz de atingir até 45 km/h. uma colaboração exclusiva que incorpora o estilo francês e o design e a tecnologia de ponta do Renault 5 E-Tech 100% elétrico.;•;https://www.instagram.com/p/C4Yii76hjAY/;2024-06-02;https://www.instagram.com/renaultbrasil?utm_source=ig_web_button_share_sheet&igsh=ZDNlZDc0MzIxNw==
2024-03-12;descubra como seria pilotar um off-road elétrico sobre a água. o R5 Searacer é a primeira bicicleta elétrica marítima feita na França e desenvolvida para esportes aquáticos. o estilo francês com o design e a tecnologia do Renault 5 E-Tech 100% elétrico.;•;https://www.instagram.com/p/C4bJPXLIpa2/;2024-06-02;https://www.instagram.com/renaultbrasil?utm_source=ig_web_button_share_sheet&igsh=ZDNlZDc0MzIxNw==
2024-03-12;prepare-se para decolar silenciosamente sobre as águas. literalmente. o Renault 5 plume foil é uma prancha de foil elétrica de alta qualidade inspirada no design do Renault 5 E-Tech 100% elétrico, feita na França, que combina leveza, robustez e rigidez. ela tem menos de 30 kg, até 1,5 horas de autonomia e uma velocidade máxima de 35 km/h, sendo capaz de decolar a partir de 15 km/h. o estilo francês com o design e a tecnologia do Renault 5.;•;https://www.instagram.com/p/C4ad1CgoHk3/;2024-06-02;https://www.instagram.com/renaultbrasil?utm_source=ig_web_button_share_sheet&igsh=ZDNlZDc0MzIxNw==
2024-03-12;praticidade é poder desmontar sua embarcação em menos de 3 minutos. conheça o R5 Reverso, um barco compacto, com um casco rígido ultraestável, feita na França e capaz de ser desmontada em 4 seções para guardar sem ocupar muito espaço. o estilo francês com o design e a tecnologia do Renault 5 E-Tech 100% elétrico;•;https://www.instagram.com/p/C4a0Oz6IdE7/;2024-06-02;https://www.instagram.com/renaultbrasil?utm_source=ig_web_button_share_sheet&igsh=ZDNlZDc0MzIxNw==
2024-03-13;5 startups francesas no campo da mobilidade elétrica junto com Renault 5 E-Tech 100% elétrico. o resultado? cinco colaborações exclusivas feitas na França e que incorporam a exclusividade e o estilo francês para apresentar esse ícone da mobilidade.;•;https://www.instagram.com/p/C4dK0yvOqPH/;2024-06-02;https://www.instagram.com/renaultbrasil?utm_source=ig_web_button_share_sheet&igsh=ZDNlZDc0MzIxNw==
2024-03-18;garanta agora as vantagens exclusivas do #Kardian R Pass. acesse o link na bio, confira os detalhes e peça o seu.;•;https://www.instagram.com/p/C4qTzogOEby/?img_index=1;2024-06-02;https://www.instagram.com/renaultbrasil?utm_source=ig_web_button_share_sheet&igsh=ZDNlZDc0MzIxNw==
2024-03-20;"o grande lançamento do ano chegou. #Renault #Kardian, um #SUV moderno e compacto com novo motor turbo de 125 cv e 220 Nm de torque, multimídia com espelhamento sem fio de série, câmbio automático EDC com e-shifter e 13 ADAS, assistentes de direção. a mudança que muda tudo.#renaulution

acesse o link na bio e saiba mais.";•;https://www.instagram.com/p/C4v7WYVOSrW/;2024-06-02;https://www.instagram.com/renaultbrasil?utm_source=ig_web_button_share_sheet&igsh=ZDNlZDc0MzIxNw==
2024-03-22;"só de olhar o #Renault #Kardian, já dá vontade de dirigir. ele já está disponível no Brasil. #SUV #Renaulution
acesse o link da bio e saiba mais.";•;https://www.instagram.com/p/C40NWCeqyOZ/;2024-06-02;https://www.instagram.com/renaultbrasil?utm_source=ig_web_button_share_sheet&igsh=ZDNlZDc0MzIxNw==
2024-03-22;"confira a incrível festa de lançamento do #Renault #Kardian. para descobrir mais detalhes sobre a mudança que muda tudo, acesse o link na bio.
#SUV #Renaulution";•;https://www.instagram.com/p/C40hvPVOW09/;2024-06-02;https://www.instagram.com/renaultbrasil?utm_source=ig_web_button_share_sheet&igsh=ZDNlZDc0MzIxNw==
2024-03-23;confira os melhores momentos do evento de lançamento oficial do #Renault #Kardian. acesse o link na bio para descobrir a mudança que muda tudo. #SUV #Renaulution;•;https://www.instagram.com/p/C43WhbwudoS/;2024-06-02;https://www.instagram.com/renaultbrasil?utm_source=ig_web_button_share_sheet&igsh=ZDNlZDc0MzIxNw==
2024-03-27;"feche os olhos e escute os sons do #Renault #Kardian. o #SUV que já está disponível no Brasil. #Renaulution

acesse o link na bio e saiba mais.";•;https://www.instagram.com/p/C5Bw2gfJIX8/;2024-06-02;https://www.instagram.com/renaultbrasil?utm_source=ig_web_button_share_sheet&igsh=ZDNlZDc0MzIxNw==
2024-03-28;a R5EVOLUÇÃO está prestes a agitar as quadras de #RolandGarros. a #Renault, patrocinadora premium do torneio, pelo terceiro ano consecutivo, está revolucionando todas as regras. dia 20 de maio, esteja preparado para ficar por dentro das novidades.;•;https://www.instagram.com/p/C5En3CoN8uI/;2024-06-02;https://www.instagram.com/renaultbrasil?utm_source=ig_web_button_share_sheet&igsh=ZDNlZDc0MzIxNw==
2024-04-05;preparamos uma clínica exclusiva de tênis para convidados especiais durante o #RolandGarros Junior Series by #Renault. acompanhe a cobertura do torneio nos stories.;•;https://www.instagram.com/p/C5ZJpZMuqP3/;2024-06-02;https://www.instagram.com/renaultbrasil?utm_source=ig_web_button_share_sheet&igsh=ZDNlZDc0MzIxNw==
2024-04-08;vem aí, em 2025, o The Carwalk: um museu que conta os 125 anos de história da #Renault através de uma experiência única e diretamente na avenida Champs-Élysées. mais uma inovação da montadora que, em 1910, foi a 1ª a abrir uma concessionária nessa que é a avenida mais famosa da França. fique por dentro de mais um capítulo dessa reinvenção.;•;https://www.instagram.com/p/C5gtoX1NRGn/?img_index=1;2024-06-02;https://www.instagram.com/renaultbrasil?utm_source=ig_web_button_share_sheet&igsh=ZDNlZDc0MzIxNw==
2024-04-08;a futura geração do tênis brilhou nas quadras do #RolandGarros Junior Series by #Renault. confira os melhores momentos do torneio. 🎾;•;https://www.instagram.com/p/C5hBJmro-rv/;2024-06-02;https://www.instagram.com/renaultbrasil?utm_source=ig_web_button_share_sheet&igsh=ZDNlZDc0MzIxNw==
2024-04-11;pioneiro na tecnologia Renault E-Tech 100% elétrica no Brasil, o #Renault #Zoe teve 419.908 unidades vendidas pelo mundo e ajudou a evitar a emissão de 3.239.000 toneladas de CO₂. só nos resta agradecer.;•;https://www.instagram.com/p/C5o-BbGtek6/?img_index=1;2024-06-02;https://www.instagram.com/renaultbrasil?utm_source=ig_web_button_share_sheet&igsh=ZDNlZDc0MzIxNw==
2024-04-11;pioneiro na tecnologia Renault E-Tech 100% elétrica no Brasil, o #Renault #Zoe teve 419.908 unidades vendidas pelo mundo e ajudou a economizar 3.425.325.000 litros de gasolina. só nos resta agradecer.;•;https://www.instagram.com/p/C5o8mkqu5Ll/?img_index=1;2024-06-02;https://www.instagram.com/renaultbrasil?utm_source=ig_web_button_share_sheet&igsh=ZDNlZDc0MzIxNw==
2024-04-17;"aproveite a tecnologia intuitiva do #Renault #Kardian. multimídia de 8"" com espelhamento de smartphone sem fio, carregamento por indução e painel digital de 7’’. a mudança que muda tudo. #SUV #Renaulution

acesse o link na bio e saiba mais.";•;https://www.instagram.com/p/C54HwVmLdQM/?img_index=1;2024-06-02;https://www.instagram.com/renaultbrasil?utm_source=ig_web_button_share_sheet&igsh=ZDNlZDc0MzIxNw==
2024-04-19;"o #Renault #Kardian tem chave-cartão com detector de presença automático. as portas travam e destravam por aproximação e o motor do #SUV é acionado por botão. #Renaulution

acesse o link na bio e saiba mais.";•;https://www.instagram.com/p/C588SnvrFay/;2024-06-02;https://www.instagram.com/renaultbrasil?utm_source=ig_web_button_share_sheet&igsh=ZDNlZDc0MzIxNw==
2024-04-23;"viva a versatilidade e o estilo com o #Renault #Kardian. aproveite o design moderno, com rodas de liga leve de 17'' e faróis full LED DLR. o interior espaçoso se adapta às suas necessidades. as barras de teto são ajustáveis, podem ser utilizadas como suporte e trazem mais aerodinâmica quando não são utilizadas. a mudança que muda tudo. #SUV #Renaulution

acesse o link na bio e saiba mais.";•;https://www.instagram.com/p/C6G6OQuLqA7/?img_index=1;2024-06-02;https://www.instagram.com/renaultbrasil?utm_source=ig_web_button_share_sheet&igsh=ZDNlZDc0MzIxNw==
2024-04-25;"experimente o conforto do #Renault #Kardian, com console central elevado e câmbio automático EDC com e-shifter. fique mais conectado com o multimídia com espelhamento sem fio de série, carregador de smartphone por indução e painel digital de 7”. a mudança que muda tudo. #SUV #Renaulution

acesse o link na bio e saiba mais.";•;https://www.instagram.com/p/C6M1hzKoXVW/;2024-06-02;https://www.instagram.com/renaultbrasil?utm_source=ig_web_button_share_sheet&igsh=ZDNlZDc0MzIxNw==
2024-04-26;"por fora, design sofisticado. por dentro, conforto, tecnologia e inovação. #Renault #Kardian. a mudança que muda tudo. #SUV #Renaulution

acesse o link na bio e saiba mais.";•;https://www.instagram.com/p/C6O_Xg-oamU/;2024-06-02;https://www.instagram.com/renaultbrasil?utm_source=ig_web_button_share_sheet&igsh=ZDNlZDc0MzIxNw==
2024-04-30;"abrimos a melhor época do ano, com o #Renault #Megane #ETech 100% elétrico.
 
Renault, patrocinadora premium de #RolandGarros pelo terceiro ano seguido.";•;https://www.instagram.com/p/C6ZCWF2uY_m/;2024-06-02;https://www.instagram.com/renaultbrasil?utm_source=ig_web_button_share_sheet&igsh=ZDNlZDc0MzIxNw==
2024-04-30;o mundo todo estava ansioso por isso. e ele chegou: descubra o #Renault5 #ETech 100% #elétrico, edição especial #RolandGarros. o carro icônico agora com um novo estilo em homenagem ao torneio francês. as cruzes de Saint-André fazem referência à arquitetura do estádio, o controle central é inspirado nas quadras com sua cor de argila, e o logo de Roland-Garros escovado impressiona nos bancos da frente. suas rodas pretas de 18” com acabamento em diamante adicionam um toque de elegância e esportividade. tem como não se apaixonar?;•;https://www.instagram.com/p/C6ZRv6MrTdY/?img_index=1;2024-06-02;https://www.instagram.com/renaultbrasil?utm_source=ig_web_button_share_sheet&igsh=ZDNlZDc0MzIxNw==
2024-04-30;rumo a #RolandoGarros com a #Renault. dá uma olhada nesse #BastidoresDoFilme do @CasperRuud.;•;https://www.instagram.com/p/C6Zmu94ojxn/;2024-06-02;https://www.instagram.com/renaultbrasil?utm_source=ig_web_button_share_sheet&igsh=ZDNlZDc0MzIxNw==
2024-04-30;uma nova conexão nasce em #RolandGarros. dá uma olhada nesse encontro entre as novas estrelas do filme da Renault: @CasperRuud e o #Renault #Scenic #ETech 100% #elétrico. diretamente da Europa.;•;https://www.instagram.com/p/C6ZrmdXrdDJ/?img_index=1;2024-06-02;https://www.instagram.com/renaultbrasil?utm_source=ig_web_button_share_sheet&igsh=ZDNlZDc0MzIxNw==
2024-05-02;a inovação da Renault pelo mundo não para. por isso, lançamos na Europa o #Renault #Symbioz #ETech #híbrido com motor de 145 cv. um carro que mostra que ninguém precisa se desconectar para estar conectado. é um compacto tecnológico para a família, que tem integração ao Google e mais de 50 apps disponíveis, Google Assistant com controle de voz e som premium Harman Kardon. além disso, ele tem 29 sistemas avançados de assistência ao motorista. perfeito para toda a família, com autonomia de até 1.000 km e 80% de condução elétrica na cidade. já o seu porta-malas tem até 624 L de espaço.;•;https://www.instagram.com/p/C6e1_3-OTi0/;2024-06-02;https://www.instagram.com/renaultbrasil?utm_source=ig_web_button_share_sheet&igsh=ZDNlZDc0MzIxNw==
2024-05-06;"a tecnologia é aliada do conforto a bordo do #Renault #Kardian. o nosso #SUV tem console central elevado, câmbio automático EDC com e-shifter e freio de estacionamento eletrônico. descubra a

mudança que muda tudo. #SUV #Renaulution

acesse o link na bio e saiba mais.";•;https://www.instagram.com/p/C6oa8HKoTSg/;2024-06-02;https://www.instagram.com/renaultbrasil?utm_source=ig_web_button_share_sheet&igsh=ZDNlZDc0MzIxNw==
2024-05-09;a frenagem automática de emergência do #Renault #Kardian oferece mais segurança em qualquer viagem. #SUV #Renaulution #HumanFirst #safetybyRenault;•;https://www.instagram.com/p/C6wcWgUivSv/;2024-06-02;https://www.instagram.com/renaultbrasil?utm_source=ig_web_button_share_sheet&igsh=ZDNlZDc0MzIxNw==
2024-05-10;o #Renault5 #ETech 100% elétrico já está desfilando pelas ruas de Paris, a cidade que logo vai sediar o torneio de #RolandGarros.;•;https://www.instagram.com/p/C6ys3IgP1OK/;2024-06-02;https://www.instagram.com/renaultbrasil?utm_source=ig_web_button_share_sheet&igsh=ZDNlZDc0MzIxNw==
2024-05-11;recém-lançado na Europa, o #Renault5 #ETech 100% elétrico será exposto no torneio de #Roland-Garros. mas antes do início da competição, uma voltinha por Paris, claro.;•;https://www.instagram.com/p/C61mX5xi4f3/;2024-06-02;https://www.instagram.com/renaultbrasil?utm_source=ig_web_button_share_sheet&igsh=ZDNlZDc0MzIxNw==
2024-05-12;o Dia das Mães é uma data que você não pode esquecer de jeito nenhum. fique tranquilo, o sistema multimídia #openRlink do #Renault #Megane #ETech 100% #elétrico vai te lembrar. Feliz Dia das Mães.;•;https://www.instagram.com/p/C62kBhyIYAJ/;2024-06-02;https://www.instagram.com/renaultbrasil?utm_source=ig_web_button_share_sheet&igsh=ZDNlZDc0MzIxNw==
2024-05-12;patrocinadora premium de #RolandGarros, a #Renault aguarda ansiosamente o início do torneio. como está a sua expectativa?;•;https://www.instagram.com/p/C64fowoPiP5/;2024-06-02;https://www.instagram.com/renaultbrasil?utm_source=ig_web_button_share_sheet&igsh=ZDNlZDc0MzIxNw==
2024-05-13;"a Renault é patrocinadora premium de #RolandGarros. e o #Renault #Scenic #ETech 100% elétrico é o carro oficial do torneio.

o Renault Line-up, nosso time de craques, entra em quadra a partir do dia 20 de maio, com @CasperRuud, @LucaVanAssche, @_dianeparry_, @FelixAugerAliassime e @DiededeGroot.";•;https://www.instagram.com/p/C67EFoBgPR9/;2024-06-02;https://www.instagram.com/renaultbrasil?utm_source=ig_web_button_share_sheet&igsh=ZDNlZDc0MzIxNw==
2024-05-16;"a Renault segue inovando com novos modelos e acaba de revelar o #RenaultRafale #ETech 4x4 300 cv #pluginhybrid #atelierAlpine ao mercado europeu.

o veículo conta com uma carroceria inspirada na equipe Alpine, tração 4x4 e autonomia de até 1.000 km no modo híbrido.";•;https://www.instagram.com/p/C7Cy8hcus9w/;2024-06-02;https://www.instagram.com/renaultbrasil?utm_source=ig_web_button_share_sheet&igsh=ZDNlZDc0MzIxNw==
2024-05-17;"seu prazer ao dirigir é levado ao máximo a bordo do #Renault #Kardian com motor turbo de 125cv. #SUV #Renaulution.
acesse link na bio e saiba mais.";•;https://www.instagram.com/p/C7EudhCgJPL/;2024-06-02;https://www.instagram.com/renaultbrasil?utm_source=ig_web_button_share_sheet&igsh=ZDNlZDc0MzIxNw==
2024-05-17;inovar na mobilidade com novas tecnologias é um compromisso da #Renault. por isso, lançamos um micro-ônibus autônomo 100% elétrico para o transporte de passageiros em #RolandGarros. #selfdrivingvehicle #weride;•;https://www.instagram.com/p/C7FZnVNuBS-/?img_index=1;2024-06-02;https://www.instagram.com/renaultbrasil?utm_source=ig_web_button_share_sheet&igsh=ZDNlZDc0MzIxNw==
2024-05-18;os embaixadores do #Renault Line-up estão prontos. Renault, patrocinadora premium de #RolandGarros;•;https://www.instagram.com/p/C7Hrqnmglfm/;2024-06-02;https://www.instagram.com/renaultbrasil?utm_source=ig_web_button_share_sheet&igsh=ZDNlZDc0MzIxNw==
2024-05-19;o #Renault5 #ETech 100% elétrico lançou suas próprias regras de inovação. inclusive, no tênis em #RolandGarros.;•;https://www.instagram.com/p/C7KMmIarbQh/?img_index=1;2024-06-02;https://www.instagram.com/renaultbrasil?utm_source=ig_web_button_share_sheet&igsh=ZDNlZDc0MzIxNw==
2024-05-20;o #Renault5 #ETech 100% elétrico lançou suas próprias regras de inovação. inclusive, no tênis em #RolandGarros.;•;https://www.instagram.com/p/C7NFsXOIP49/?img_index=1;2024-06-02;https://www.instagram.com/renaultbrasil?utm_source=ig_web_button_share_sheet&igsh=ZDNlZDc0MzIxNw==
2024-05-21;nossos embaixadores do time #Renault estão na linha de partida para a melhor temporada. fique de olho em #RolandGarros.;•;https://www.instagram.com/p/C7PpZpAOU8w/?img_index=1;2024-06-02;https://www.instagram.com/renaultbrasil?utm_source=ig_web_button_share_sheet&igsh=ZDNlZDc0MzIxNw==
2024-05-22;"#Renault #Kardian com design de #SUV, grade marcante, rodas de liga leve 17” biton e faróis full LED DLR. #SUV #Renaulution
acesse o link na bio e saiba mais.";•;https://www.instagram.com/p/C7SRT4IPvtm/;2024-06-02;https://www.instagram.com/renaultbrasil?utm_source=ig_web_button_share_sheet&igsh=ZDNlZDc0MzIxNw==
2024-05-24;"reinventar o jogo é ter 88%* de veículos elétricos na frota oficial de #RolandGarros 2024. e a Renault faz isso porque sabe a importância de reinventar o futuro. não é à toa que o #Renault #Scenic #ETech 100% #elétrico foi coroado carro do ano de 2024 na Europa. Renault, patrocinadora premium de Roland Garros.

*vs 73% em 2023";•;https://www.instagram.com/p/C7XaFIeOzZ4/?img_index=1;2024-06-02;https://www.instagram.com/renaultbrasil?utm_source=ig_web_button_share_sheet&igsh=ZDNlZDc0MzIxNw==
2024-05-27;roupas esportivas e estilosas sem perder a elegância. conheça a coleção #Renault de tênis 2024.;•;https://www.instagram.com/p/C7fDZ16p2eO/?img_index=1;2024-06-02;https://www.instagram.com/renaultbrasil?utm_source=ig_web_button_share_sheet&igsh=ZDNlZDc0MzIxNw==
2024-05-27;"QUEBRANDO AS R5GRAS com o Renault 5.

este ano #RolandGarros vai ter bolinhas de tênis pintadas com as cores do icônico #Renault5. o espírito revolucionário desse ícone elétrico toma conta do torneio.";•;https://www.instagram.com/p/C7fLtI0ovWv/;2024-06-02;https://www.instagram.com/renaultbrasil?utm_source=ig_web_button_share_sheet&igsh=ZDNlZDc0MzIxNw==
2024-05-28;a Renault está marcando presença em Roland-Garros com um estande totalmente dedicado ao #Renault5 #ETech 100% #elétrico. o modelo de edição especial para o torneio conta com toda tecnologia e inovação da marca.;•;https://www.instagram.com/p/C7htuwDIMVI/;2024-06-02;https://www.instagram.com/renaultbrasil?utm_source=ig_web_button_share_sheet&igsh=ZDNlZDc0MzIxNw==
2024-05-29;deixamos nossa marca nas ruas de Paris. ou melhor: nosso diamante. #Renault, patrocinadora premium de #RolandGarros.;•;https://www.instagram.com/p/C7j5ilOIgwV/;2024-06-02;https://www.instagram.com/renaultbrasil?utm_source=ig_web_button_share_sheet&igsh=ZDNlZDc0MzIxNw==
2024-05-29;os embaixadores #Renault Line-up já estão a caminho do French Open. Renault, patrocinadora premium de #RolandGarros.;•;https://www.instagram.com/p/C7kWU17ISC2/;2024-06-02;https://www.instagram.com/renaultbrasil?utm_source=ig_web_button_share_sheet&igsh=ZDNlZDc0MzIxNw==
2024-05-31;"O R5 voltou, agora 100% elétrico.

o #Renault5 #E-Tech 100% #electric chegou oficialmente às ruas da Europa. Mais uma inovação elétrica da Renault para revolucionar o mercado.

R5INVENTADO – R5NERGIZADO – R5DIGITALIZADO";•;https://www.instagram.com/p/C7odCidBY7x/;2024-06-02;https://www.instagram.com/renaultbrasil?utm_source=ig_web_button_share_sheet&igsh=ZDNlZDc0MzIxNw==
2024-05-31;#RolandGarros está recebendo a van autônoma 100% elétrica que vai mudar o jogo na mobilidade: o #Renault #weride;•;https://www.instagram.com/p/C7pLEAjNAgw/;2024-06-02;https://www.instagram.com/renaultbrasil?utm_source=ig_web_button_share_sheet&igsh=ZDNlZDc0MzIxNw==
2024-05-31;"para o Renault 5, não existem regras.
ele está pronto pra um torneio de #RolandGarros eletrizante. e o #Renault5 #ETech 100% #elétrico já está com lugar marcado no estande da Renault lá na França.";•;https://www.instagram.com/p/C7pauwWhDFw/;2024-06-02;https://www.instagram.com/renaultbrasil?utm_source=ig_web_button_share_sheet&igsh=ZDNlZDc0MzIxNw==
2024-06-02;uma experiência única da loja #Renault5: o #MAISON5 um espaço que, assim como o R5, inspira a criatividade em Paris. seja a arte, o design, o esporte ou a música, ele é pensado para o que você imaginar.;•;https://www.instagram.com/p/C7tmhVEqL7b/;2024-06-02;https://www.instagram.com/renaultbrasil?utm_source=ig_web_button_share_sheet&igsh=ZDNlZDc0MzIxNw==
2024-06-02;"para o Renault 5, não existem regras.

prepara o saque que bolinha não vai faltar com a energia do #Renault5 #ETech 100% #elétrico, edição especial #RolandGarros.";•;https://www.instagram.com/p/C7t7Htutg85/;2024-06-02;https://www.instagram.com/renaultbrasil?utm_source=ig_web_button_share_sheet&igsh=ZDNlZDc0MzIxNw==
